what,kind,bundleId,bundleVersion,description,time
activated,view,org.eclipse.ui.views,3.5.0.I20100527-0800,"org.eclipse.ui.views.ContentOutline",1352946822357
opened,editor,org.eclipse.cdt.ui,5.2.1.201009141542,"org.eclipse.cdt.ui.editor.CEditor",1352946823087
activated,editor,org.eclipse.cdt.ui,5.2.1.201009141542,"org.eclipse.cdt.ui.editor.CEditor",1352946823177
activated,editor,org.eclipse.cdt.ui,5.2.1.201009141542,"org.eclipse.cdt.ui.editor.CEditor",1352946842547
activated,editor,org.eclipse.cdt.ui,5.2.1.201009141542,"org.eclipse.cdt.ui.editor.CEditor",1352946847837
activated,editor,org.eclipse.cdt.ui,5.2.1.201009141542,"org.eclipse.cdt.ui.editor.CEditor",1352946848527
deactivated,workbench,org.eclipse.ui.workbench,3.6.1.M20100826-1330,"",1352946851157
activated,workbench,org.eclipse.ui.workbench,3.6.1.M20100826-1330,"",1352946853707
activated,view,org.eclipse.ui.views,3.5.0.I20100527-0800,"org.eclipse.ui.views.ContentOutline",1352946859927
activated,editor,org.eclipse.cdt.ui,5.2.1.201009141542,"org.eclipse.cdt.ui.editor.CEditor",1352946860157
activated,view,org.eclipse.ui.views,3.5.0.I20100527-0800,"org.eclipse.ui.views.ContentOutline",1352946864907
activated,editor,org.eclipse.cdt.ui,5.2.1.201009141542,"org.eclipse.cdt.ui.editor.CEditor",1352946876897
activated,editor,org.eclipse.cdt.ui,5.2.1.201009141542,"org.eclipse.cdt.ui.editor.CEditor",1352946876937
closed,editor,org.eclipse.cdt.ui,5.2.1.201009141542,"org.eclipse.cdt.ui.editor.CEditor",1352946876937
deactivated,workbench,org.eclipse.ui.workbench,3.6.1.M20100826-1330,"",1352946880997
activated,workbench,org.eclipse.ui.workbench,3.6.1.M20100826-1330,"",1352946889237
activated,view,org.eclipse.ui.navigator.resources,3.4.201.M20100707-0800,"org.eclipse.ui.navigator.ProjectExplorer",1352946900347
deactivated,workbench,org.eclipse.ui.workbench,3.6.1.M20100826-1330,"",1352946908117
activated,workbench,org.eclipse.ui.workbench,3.6.1.M20100826-1330,"",1352946918887
opened,editor,org.eclipse.cdt.ui,5.2.1.201009141542,"org.eclipse.cdt.ui.binaryEditor",1352946924827
activated,editor,org.eclipse.cdt.ui,5.2.1.201009141542,"org.eclipse.cdt.ui.binaryEditor",1352946924887
activated,editor,org.eclipse.cdt.ui,5.2.1.201009141542,"org.eclipse.cdt.ui.editor.CEditor",1352946929357
closed,editor,org.eclipse.cdt.ui,5.2.1.201009141542,"org.eclipse.cdt.ui.binaryEditor",1352946929357
activated,editor,org.eclipse.cdt.ui,5.2.1.201009141542,"org.eclipse.cdt.ui.editor.CEditor",1352946930407
activated,editor,org.eclipse.cdt.ui,5.2.1.201009141542,"org.eclipse.cdt.ui.editor.CEditor",1352946931187
closed,editor,org.eclipse.cdt.ui,5.2.1.201009141542,"org.eclipse.cdt.ui.editor.CEditor",1352946931187
activated,editor,org.eclipse.cdt.ui,5.2.1.201009141542,"org.eclipse.cdt.ui.editor.CEditor",1352946931877
activated,editor,org.eclipse.cdt.ui,5.2.1.201009141542,"org.eclipse.cdt.ui.editor.CEditor",1352946933017
closed,editor,org.eclipse.cdt.ui,5.2.1.201009141542,"org.eclipse.cdt.ui.editor.CEditor",1352946933017
deactivated,workbench,org.eclipse.ui.workbench,3.6.1.M20100826-1330,"",1352946934347
activated,workbench,org.eclipse.ui.workbench,3.6.1.M20100826-1330,"",1352946940867
activated,editor,org.eclipse.cdt.ui,5.2.1.201009141542,"org.eclipse.cdt.ui.editor.CEditor",1352946942247
deactivated,workbench,org.eclipse.ui.workbench,3.6.1.M20100826-1330,"",1352946947664
activated,workbench,org.eclipse.ui.workbench,3.6.1.M20100826-1330,"",1352946948597
activated,editor,org.eclipse.cdt.ui,5.2.1.201009141542,"org.eclipse.cdt.ui.editor.CEditor",1352946948756
closed,editor,org.eclipse.cdt.ui,5.2.1.201009141542,"org.eclipse.cdt.ui.editor.CEditor",1352946948756
executed,command,org.eclipse.ui.ide,3.6.1.M20100825-0800,"org.eclipse.ui.project.buildAll",1352946950286
deactivated,workbench,org.eclipse.ui.workbench,3.6.1.M20100826-1330,"",1352946950606
activated,workbench,org.eclipse.ui.workbench,3.6.1.M20100826-1330,"",1352946963146
activated,view,org.eclipse.ui.ide,3.6.1.M20100825-0800,"org.eclipse.ui.views.ProblemView",1352946963156
activated,editor,org.eclipse.cdt.ui,5.2.1.201009141542,"org.eclipse.cdt.ui.editor.CEditor",1352946970896
deactivated,workbench,org.eclipse.ui.workbench,3.6.1.M20100826-1330,"",1352946974948
activated,workbench,org.eclipse.ui.workbench,3.6.1.M20100826-1330,"",1352946985892
activated,view,org.eclipse.ui.navigator.resources,3.4.201.M20100707-0800,"org.eclipse.ui.navigator.ProjectExplorer",1352946986842
deactivated,workbench,org.eclipse.ui.workbench,3.6.1.M20100826-1330,"",1352946989822
activated,workbench,org.eclipse.ui.workbench,3.6.1.M20100826-1330,"",1352946992652
executed,command,,,"com.altera.sbtgui.launch.hardware.Nios2HardwareLaunchShortcut.run",1352946994592
activated,view,org.eclipse.ui.console,3.5.0.v20100526,"org.eclipse.ui.console.ConsoleView",1352946994942
activated,view,com.altera.sbtgui.launch,12.0.0.263,"com.altera.sbtgui.launch.hardware.ByteStreamConsoleView",1352947000202
activated,view,org.eclipse.ui.console,3.5.0.v20100526,"org.eclipse.ui.console.ConsoleView",1352947002534
activated,view,com.altera.sbtgui.launch,12.0.0.263,"com.altera.sbtgui.launch.hardware.ByteStreamConsoleView",1352947009307
activated,editor,org.eclipse.cdt.ui,5.2.1.201009141542,"org.eclipse.cdt.ui.editor.CEditor",1352947037868
activated,editor,org.eclipse.cdt.ui,5.2.1.201009141542,"org.eclipse.cdt.ui.editor.CEditor",1352947040788
activated,editor,org.eclipse.cdt.ui,5.2.1.201009141542,"org.eclipse.cdt.ui.editor.CEditor",1352947043118
activated,editor,org.eclipse.cdt.ui,5.2.1.201009141542,"org.eclipse.cdt.ui.editor.CEditor",1352947043808
activated,editor,org.eclipse.cdt.ui,5.2.1.201009141542,"org.eclipse.cdt.ui.editor.CEditor",1352947045718
activated,view,org.eclipse.ui.navigator.resources,3.4.201.M20100707-0800,"org.eclipse.ui.navigator.ProjectExplorer",1352947047188
opened,editor,org.eclipse.cdt.ui,5.2.1.201009141542,"org.eclipse.cdt.ui.editor.CEditor",1352947047388
activated,editor,org.eclipse.cdt.ui,5.2.1.201009141542,"org.eclipse.cdt.ui.editor.CEditor",1352947047478
executed,command,org.eclipse.ui,3.6.1.M20100826-1330,"org.eclipse.ui.edit.copy",1352947055628
deactivated,workbench,org.eclipse.ui.workbench,3.6.1.M20100826-1330,"",1352947056288
activated,workbench,org.eclipse.ui.workbench,3.6.1.M20100826-1330,"",1352947085970
deactivated,workbench,org.eclipse.ui.workbench,3.6.1.M20100826-1330,"",1352947090210
activated,workbench,org.eclipse.ui.workbench,3.6.1.M20100826-1330,"",1352947090915
deactivated,workbench,org.eclipse.ui.workbench,3.6.1.M20100826-1330,"",1352947090925
activated,workbench,org.eclipse.ui.workbench,3.6.1.M20100826-1330,"",1352947093505
activated,editor,org.eclipse.cdt.ui,5.2.1.201009141542,"org.eclipse.cdt.ui.editor.CEditor",1352947093655
activated,view,org.eclipse.ui.ide,3.6.1.M20100825-0800,"org.eclipse.ui.views.TaskList",1352947104595
activated,view,org.eclipse.ui.ide,3.6.1.M20100825-0800,"org.eclipse.ui.views.ProblemView",1352947126865
executed,command,org.eclipse.ui,3.6.1.M20100826-1330,"org.eclipse.ui.views.showView",1352947126865
executed,command,org.eclipse.ui.ide,3.6.1.M20100825-0800,"org.eclipse.ui.project.buildAll",1352947130055
deactivated,workbench,org.eclipse.ui.workbench,3.6.1.M20100826-1330,"",1352947130425
activated,workbench,org.eclipse.ui.workbench,3.6.1.M20100826-1330,"",1352947135185
activated,view,com.altera.sbtgui.launch,12.0.0.263,"com.altera.sbtgui.launch.hardware.ByteStreamConsoleView",1352947135805
activated,view,org.eclipse.ui.ide,3.6.1.M20100825-0800,"org.eclipse.ui.views.ProblemView",1352947138425
executed,command,org.eclipse.ui.ide,3.6.1.M20100825-0800,"org.eclipse.ui.project.buildAll",1352947139975
deactivated,workbench,org.eclipse.ui.workbench,3.6.1.M20100826-1330,"",1352947140275
activated,workbench,org.eclipse.ui.workbench,3.6.1.M20100826-1330,"",1352947144805
activated,editor,org.eclipse.cdt.ui,5.2.1.201009141542,"org.eclipse.cdt.ui.editor.CEditor",1352947145675
activated,view,org.eclipse.ui.navigator.resources,3.4.201.M20100707-0800,"org.eclipse.ui.navigator.ProjectExplorer",1352947176605
deactivated,workbench,org.eclipse.ui.workbench,3.6.1.M20100826-1330,"",1352947178285
activated,workbench,org.eclipse.ui.workbench,3.6.1.M20100826-1330,"",1352947196625
activated,editor,org.eclipse.cdt.ui,5.2.1.201009141542,"org.eclipse.cdt.ui.editor.CEditor",1352947197565
deactivated,workbench,org.eclipse.ui.workbench,3.6.1.M20100826-1330,"",1352947213755
executed,command,org.eclipse.ui,3.6.1.M20100826-1330,"org.eclipse.ui.edit.findReplace",1352947213815
activated,workbench,org.eclipse.ui.workbench,3.6.1.M20100826-1330,"",1352947233897
activated,editor,org.eclipse.cdt.ui,5.2.1.201009141542,"org.eclipse.cdt.ui.editor.CEditor",1352947235487
deactivated,workbench,org.eclipse.ui.workbench,3.6.1.M20100826-1330,"",1352947244177
activated,workbench,org.eclipse.ui.workbench,3.6.1.M20100826-1330,"",1352947251727
activated,view,org.eclipse.ui.ide,3.6.1.M20100825-0800,"org.eclipse.ui.views.ProblemView",1352947251747
activated,view,com.altera.sbtgui.launch,12.0.0.263,"com.altera.sbtgui.launch.hardware.ByteStreamConsoleView",1352947315407
activated,view,org.eclipse.ui.ide,3.6.1.M20100825-0800,"org.eclipse.ui.views.ProblemView",1352947316027
activated,view,com.altera.sbtgui.launch,12.0.0.263,"com.altera.sbtgui.launch.hardware.ByteStreamConsoleView",1352947316757
activated,view,org.eclipse.ui.ide,3.6.1.M20100825-0800,"org.eclipse.ui.views.ProblemView",1352947317537
activated,view,com.altera.sbtgui.launch,12.0.0.263,"com.altera.sbtgui.launch.hardware.ByteStreamConsoleView",1352947318297
activated,view,org.eclipse.ui.views,3.5.0.I20100527-0800,"org.eclipse.ui.views.PropertySheet",1352947318977
activated,view,org.eclipse.ui.console,3.5.0.v20100526,"org.eclipse.ui.console.ConsoleView",1352947319567
activated,view,org.eclipse.ui.ide,3.6.1.M20100825-0800,"org.eclipse.ui.views.TaskList",1352947320147
deactivated,workbench,org.eclipse.ui.workbench,3.6.1.M20100826-1330,"",1352947323987
activated,workbench,org.eclipse.ui.workbench,3.6.1.M20100826-1330,"",1352947325927
closed,workbench,org.eclipse.ui.workbench,3.6.1.M20100826-1330,"",1352947326197
stopped,bundle,org.eclipse.cdt.debug.mi.ui,6.1.0.201009141542,"org.eclipse.cdt.debug.mi.ui",1352947326513
stopped,bundle,com.altera.debug.cdi.gdb.plugin,12.0.0.263,"com.altera.debug.cdi.gdb.plugin",1352947326513
stopped,bundle,com.altera.sbtgui.launch,12.0.0.263,"com.altera.sbtgui.launch",1352947326513
stopped,bundle,org.eclipse.cdt.debug.mi.core,7.0.1.201009141542,"org.eclipse.cdt.debug.mi.core",1352947326513
stopped,bundle,org.eclipse.cdt.debug.ui.memory.memorybrowser,1.2.0.201009141542,"org.eclipse.cdt.debug.ui.memory.memorybrowser",1352947326514
stopped,bundle,org.eclipse.cdt.debug.ui.memory.search,1.2.0.201009141542,"org.eclipse.cdt.debug.ui.memory.search",1352947326514
stopped,bundle,org.eclipse.cdt.dsf.gdb.ui,2.1.0.201009141542,"org.eclipse.cdt.dsf.gdb.ui",1352947326514
stopped,bundle,org.eclipse.cdt.dsf.ui,2.1.1.201009141542,"org.eclipse.cdt.dsf.ui",1352947326515
stopped,bundle,org.eclipse.cdt.gdb.ui,7.0.0.201009141542,"org.eclipse.cdt.gdb.ui",1352947326516
stopped,bundle,org.eclipse.cdt.dsf.gdb,3.0.0.201009141542,"org.eclipse.cdt.dsf.gdb",1352947326516
stopped,bundle,com.altera.sbtgui.ui,12.0.0.263,"com.altera.sbtgui.ui",1352947326516
stopped,bundle,com.altera.sbtgui.project,12.0.0.263,"com.altera.sbtgui.project",1352947326516
stopped,bundle,org.eclipse.cdt.launch,6.1.0.201009141542,"org.eclipse.cdt.launch",1352947326516
stopped,bundle,org.eclipse.cdt.debug.ui,7.0.0.201009141542,"org.eclipse.cdt.debug.ui",1352947326517
stopped,bundle,org.eclipse.cdt.debug.ui.memory.traditional,1.2.0.201009141542,"org.eclipse.cdt.debug.ui.memory.traditional",1352947326535
stopped,bundle,org.eclipse.cdt.dsf,2.1.0.201009141542,"org.eclipse.cdt.dsf",1352947326535
stopped,bundle,org.eclipse.cdt.debug.core,7.0.0.201009141542,"org.eclipse.cdt.debug.core",1352947326535
stopped,bundle,org.eclipse.cdt.managedbuilder.ui,7.0.0.201009141542,"org.eclipse.cdt.managedbuilder.ui",1352947326665
stopped,bundle,org.eclipse.cdt.make.ui,7.0.0.201009141542,"org.eclipse.cdt.make.ui",1352947326665
stopped,bundle,org.eclipse.cdt.managedbuilder.gnu.ui,7.0.0.201009141542,"org.eclipse.cdt.managedbuilder.gnu.ui",1352947326665
stopped,bundle,org.eclipse.cdt.managedbuilder.core,7.0.1.201009141542,"org.eclipse.cdt.managedbuilder.core",1352947326675
stopped,bundle,org.eclipse.cdt.make.core,7.0.0.201009141542,"org.eclipse.cdt.make.core",1352947326675
stopped,bundle,org.eclipse.cdt.mylyn.ui,1.1.3.v20100909-0100-e3x,"org.eclipse.cdt.mylyn.ui",1352947326675
stopped,bundle,com.altera.sbtgui.flash.plugin,12.0.0.263,"com.altera.sbtgui.flash.plugin",1352947326695
stopped,bundle,com.altera.sbtgui.gprof,12.0.0.263,"com.altera.sbtgui.gprof",1352947326725
stopped,bundle,com.altera.sbtgui.core,12.0.0.263,"com.altera.sbtgui.core",1352947326725
stopped,bundle,org.eclipse.cdt.ui,5.2.1.201009141542,"org.eclipse.cdt.ui",1352947326725
stopped,bundle,org.eclipse.cdt.core,5.2.1.201009141542,"org.eclipse.cdt.core",1352947326735
stopped,bundle,org.eclipse.compare.win32,1.0.100.I20100505-1245,"org.eclipse.compare.win32",1352947326785
stopped,bundle,org.eclipse.equinox.p2.ui.sdk,1.0.100.v20100513,"org.eclipse.equinox.p2.ui.sdk",1352947326855
stopped,bundle,org.eclipse.search,3.6.0.v20100520-0800,"org.eclipse.search",1352947326855
stopped,bundle,org.eclipse.mylyn.team.ui,3.4.2.v20100909-0100-e3x,"org.eclipse.mylyn.team.ui",1352947326855
stopped,bundle,org.eclipse.ui.navigator.resources,3.4.201.M20100707-0800,"org.eclipse.ui.navigator.resources",1352947326855
stopped,bundle,org.eclipse.ltk.ui.refactoring,3.5.0.v20100526-0800,"org.eclipse.ltk.ui.refactoring",1352947326855
stopped,bundle,org.eclipse.mylyn.bugzilla.ui,3.4.2.v20100909-0100-e3x,"org.eclipse.mylyn.bugzilla.ui",1352947326855
stopped,bundle,org.eclipse.mylyn.ide.ui,3.4.0.v20100608-0100-e3x,"org.eclipse.mylyn.ide.ui",1352947326855
stopped,bundle,org.eclipse.mylyn.resources.ui,3.4.1.v20100909-0100-e3x,"org.eclipse.mylyn.resources.ui",1352947326855
stopped,bundle,org.eclipse.mylyn.wikitext.tasks.ui,1.3.1.v20100823-0100-e3x,"org.eclipse.mylyn.wikitext.tasks.ui",1352947326875
stopped,bundle,org.eclipse.mylyn.context.ui,3.4.1.v20100909-0100-e3x,"org.eclipse.mylyn.context.ui",1352947326875
stopped,bundle,org.eclipse.mylyn.help.ui,3.4.1.v20100823-0100-e3x,"org.eclipse.mylyn.help.ui",1352947326885
stopped,bundle,org.eclipse.mylyn.tasks.bugs,3.4.1.v20100823-0100-e3x,"org.eclipse.mylyn.tasks.bugs",1352947326885
stopped,bundle,org.eclipse.mylyn.tasks.ui,3.4.2.v20100902-0100-e3x,"org.eclipse.mylyn.tasks.ui",1352947326885
stopped,bundle,org.eclipse.team.cvs.ui,3.3.301.R36x_v20100825-0800,"org.eclipse.team.cvs.ui",1352947326885
stopped,bundle,org.eclipse.team.ui,3.5.101.R36x_v20100825-0800,"org.eclipse.team.ui",1352947326885
stopped,bundle,org.eclipse.compare,3.5.100.I20100526-0800,"org.eclipse.compare",1352947326885
stopped,bundle,org.eclipse.cdt.debug.ui.memory.transport,2.1.0.201009141542,"org.eclipse.cdt.debug.ui.memory.transport",1352947326925
activated,perspective,com.altera.sbtgui.ui,,"com.altera.sbtgui.ui.cPerspective",1352947379068
started,bundle,org.eclipse.osgi,3.6.1.R36x_v20100806,"org.eclipse.osgi",1352947379068
started,bundle,org.eclipse.equinox.simpleconfigurator,1.0.200.v20100503,"org.eclipse.equinox.simpleconfigurator",1352947379068
started,bundle,com.ibm.icu,4.2.1.v20100412,"com.ibm.icu",1352947379068
started,bundle,org.eclipse.cdt.core,5.2.1.201009141542,"org.eclipse.cdt.core",1352947379068
started,bundle,org.eclipse.cdt.make.core,7.0.0.201009141542,"org.eclipse.cdt.make.core",1352947379068
started,bundle,org.eclipse.cdt.make.ui,7.0.0.201009141542,"org.eclipse.cdt.make.ui",1352947379068
started,bundle,org.eclipse.cdt.managedbuilder.core,7.0.1.201009141542,"org.eclipse.cdt.managedbuilder.core",1352947379068
started,bundle,org.eclipse.cdt.managedbuilder.gnu.ui,7.0.0.201009141542,"org.eclipse.cdt.managedbuilder.gnu.ui",1352947379068
started,bundle,org.eclipse.cdt.ui,5.2.1.201009141542,"org.eclipse.cdt.ui",1352947379068
started,bundle,org.eclipse.compare.core,3.5.100.I20100526-0800,"org.eclipse.compare.core",1352947379068
started,bundle,org.eclipse.core.contenttype,3.4.100.v20100505-1235,"org.eclipse.core.contenttype",1352947379068
started,bundle,org.eclipse.core.databinding.observable,1.3.0.I20100601-0800,"org.eclipse.core.databinding.observable",1352947379078
started,bundle,org.eclipse.core.expressions,3.4.200.v20100505,"org.eclipse.core.expressions",1352947379078
started,bundle,org.eclipse.core.filebuffers,3.5.100.v20100520-0800,"org.eclipse.core.filebuffers",1352947379078
started,bundle,org.eclipse.core.filesystem,1.3.1.R36x_v20100727-0745,"org.eclipse.core.filesystem",1352947379078
started,bundle,org.eclipse.core.jobs,3.5.1.R36x_v20100824,"org.eclipse.core.jobs",1352947379078
started,bundle,org.eclipse.core.net,1.2.100.I20100511-0800,"org.eclipse.core.net",1352947379078
started,bundle,org.eclipse.core.resources,3.6.0.R36x_v20100825-0600,"org.eclipse.core.resources",1352947379078
started,bundle,org.eclipse.core.runtime,3.6.0.v20100505,"org.eclipse.core.runtime",1352947379078
started,bundle,org.eclipse.core.runtime.compatibility,3.2.100.v20100505,"org.eclipse.core.runtime.compatibility",1352947379078
started,bundle,org.eclipse.core.runtime.compatibility.auth,3.2.200.v20100517,"org.eclipse.core.runtime.compatibility.auth",1352947379078
started,bundle,org.eclipse.core.variables,3.2.400.v20100505,"org.eclipse.core.variables",1352947379078
started,bundle,org.eclipse.debug.core,3.6.0.v20100519,"org.eclipse.debug.core",1352947379088
started,bundle,org.eclipse.epp.usagedata.gathering,1.3.0.R201005261100,"org.eclipse.epp.usagedata.gathering",1352947379088
started,bundle,org.eclipse.epp.usagedata.recording,1.3.0.R201005261100,"org.eclipse.epp.usagedata.recording",1352947379088
started,bundle,org.eclipse.equinox.app,1.3.1.R36x_v20100803,"org.eclipse.equinox.app",1352947379088
started,bundle,org.eclipse.equinox.common,3.6.0.v20100503,"org.eclipse.equinox.common",1352947379088
started,bundle,org.eclipse.equinox.ds,1.2.1.R36x_v20100803,"org.eclipse.equinox.ds",1352947379088
started,bundle,org.eclipse.equinox.event,1.2.0.v20100503,"org.eclipse.equinox.event",1352947379088
started,bundle,org.eclipse.equinox.p2.core,2.0.2.R36x_v20100804,"org.eclipse.equinox.p2.core",1352947379088
started,bundle,org.eclipse.equinox.p2.directorywatcher,1.0.202.R36x_v20100727,"org.eclipse.equinox.p2.directorywatcher",1352947379088
started,bundle,org.eclipse.equinox.p2.engine,2.0.0.v20100606,"org.eclipse.equinox.p2.engine",1352947379088
started,bundle,org.eclipse.equinox.p2.metadata,2.0.0.v20100601,"org.eclipse.equinox.p2.metadata",1352947379088
started,bundle,org.eclipse.equinox.p2.metadata.repository,1.1.0.v20100513,"org.eclipse.equinox.p2.metadata.repository",1352947379088
started,bundle,org.eclipse.equinox.p2.operations,2.0.0.v20100510,"org.eclipse.equinox.p2.operations",1352947379088
started,bundle,org.eclipse.equinox.p2.reconciler.dropins,1.1.0.v20100525,"org.eclipse.equinox.p2.reconciler.dropins",1352947379088
started,bundle,org.eclipse.equinox.p2.repository,2.0.1.R36x_v20100823,"org.eclipse.equinox.p2.repository",1352947379088
started,bundle,org.eclipse.equinox.p2.ui.sdk.scheduler,1.0.0.v20100507-1815,"org.eclipse.equinox.p2.ui.sdk.scheduler",1352947379088
started,bundle,org.eclipse.equinox.p2.updatechecker,1.1.101.R36x_v20100823,"org.eclipse.equinox.p2.updatechecker",1352947379088
started,bundle,org.eclipse.equinox.preferences,3.3.0.v20100503,"org.eclipse.equinox.preferences",1352947379088
started,bundle,org.eclipse.equinox.registry,3.5.0.v20100503,"org.eclipse.equinox.registry",1352947379098
started,bundle,org.eclipse.equinox.security,1.0.200.v20100503,"org.eclipse.equinox.security",1352947379098
started,bundle,org.eclipse.equinox.util,1.0.200.v20100503,"org.eclipse.equinox.util",1352947379098
started,bundle,org.eclipse.help,3.5.0.v20100524,"org.eclipse.help",1352947379098
started,bundle,org.eclipse.jface,3.6.1.M20100825-0800,"org.eclipse.jface",1352947379098
started,bundle,org.eclipse.jsch.core,1.1.200.I20100505-1245,"org.eclipse.jsch.core",1352947379098
started,bundle,org.eclipse.ltk.core.refactoring,3.5.100.v20100526-0800,"org.eclipse.ltk.core.refactoring",1352947379098
started,bundle,org.eclipse.ltk.ui.refactoring,3.5.0.v20100526-0800,"org.eclipse.ltk.ui.refactoring",1352947379098
started,bundle,org.eclipse.mylyn.bugzilla.core,3.4.2.v20100902-0100-e3x,"org.eclipse.mylyn.bugzilla.core",1352947379098
started,bundle,org.eclipse.mylyn.bugzilla.ui,3.4.2.v20100909-0100-e3x,"org.eclipse.mylyn.bugzilla.ui",1352947379098
started,bundle,org.eclipse.mylyn.commons.net,3.4.1.v20100625-2100-e3x,"org.eclipse.mylyn.commons.net",1352947379098
started,bundle,org.eclipse.mylyn.commons.ui,3.4.0.v20100608-0100-e3x,"org.eclipse.mylyn.commons.ui",1352947379098
started,bundle,org.eclipse.mylyn.context.core,3.4.1.v20100909-0100-e3x,"org.eclipse.mylyn.context.core",1352947379098
started,bundle,org.eclipse.mylyn.context.ui,3.4.1.v20100909-0100-e3x,"org.eclipse.mylyn.context.ui",1352947379098
started,bundle,org.eclipse.mylyn.monitor.ui,3.4.0.v20100608-0100-e3x,"org.eclipse.mylyn.monitor.ui",1352947379098
started,bundle,org.eclipse.mylyn.tasks.ui,3.4.2.v20100902-0100-e3x,"org.eclipse.mylyn.tasks.ui",1352947379098
started,bundle,org.eclipse.mylyn.team.ui,3.4.2.v20100909-0100-e3x,"org.eclipse.mylyn.team.ui",1352947379098
started,bundle,org.eclipse.search,3.6.0.v20100520-0800,"org.eclipse.search",1352947379098
started,bundle,org.eclipse.team.core,3.5.100.R36x_v20100825-0800,"org.eclipse.team.core",1352947379098
started,bundle,org.eclipse.team.cvs.core,3.3.300.I20100526-0800,"org.eclipse.team.cvs.core",1352947379108
started,bundle,org.eclipse.team.cvs.ui,3.3.301.R36x_v20100825-0800,"org.eclipse.team.cvs.ui",1352947379108
started,bundle,org.eclipse.team.ui,3.5.101.R36x_v20100825-0800,"org.eclipse.team.ui",1352947379108
started,bundle,org.eclipse.ui,3.6.1.M20100826-1330,"org.eclipse.ui",1352947379108
started,bundle,org.eclipse.ui.console,3.5.0.v20100526,"org.eclipse.ui.console",1352947379108
started,bundle,org.eclipse.ui.editors,3.6.1.r361_v20100825-0800,"org.eclipse.ui.editors",1352947379108
started,bundle,org.eclipse.ui.forms,3.5.2.r36_v20100702,"org.eclipse.ui.forms",1352947379108
started,bundle,org.eclipse.ui.ide,3.6.1.M20100825-0800,"org.eclipse.ui.ide",1352947379108
started,bundle,org.eclipse.ui.intro,3.4.0.v20100427,"org.eclipse.ui.intro",1352947379108
started,bundle,org.eclipse.ui.intro.universal,3.2.402.r36_v20100702,"org.eclipse.ui.intro.universal",1352947379108
started,bundle,org.eclipse.ui.navigator,3.5.0.I20100601-0800,"org.eclipse.ui.navigator",1352947379108
started,bundle,org.eclipse.ui.navigator.resources,3.4.201.M20100707-0800,"org.eclipse.ui.navigator.resources",1352947379108
started,bundle,org.eclipse.ui.net,1.2.100.I20100505-1245,"org.eclipse.ui.net",1352947379108
started,bundle,org.eclipse.ui.views,3.5.0.I20100527-0800,"org.eclipse.ui.views",1352947379108
started,bundle,org.eclipse.ui.workbench,3.6.1.M20100826-1330,"org.eclipse.ui.workbench",1352947379108
started,bundle,org.eclipse.ui.workbench.texteditor,3.6.1.r361_v20100714-0800,"org.eclipse.ui.workbench.texteditor",1352947379108
started,bundle,org.eclipse.update.configurator,3.3.100.v20100512,"org.eclipse.update.configurator",1352947379108
started,bundle,org.eclipse.update.core,3.2.402.R36x_v20100629,"org.eclipse.update.core",1352947379118
started,bundle,org.eclipse.update.scheduler,3.2.300.v20100512,"org.eclipse.update.scheduler",1352947379118
started,bundle,com.altera.sbtgui.integration,12.0.0.263,"com.altera.sbtgui.integration",1352947379118
started,bundle,com.altera.sbtgui.project,12.0.0.263,"com.altera.sbtgui.project",1352947379118
started,bundle,com.altera.systemconsole,12.0.0.263,"com.altera.systemconsole",1352947379118
started,bundle,com.altera.systemconsole.designs.plugin,12.0.0.263,"com.altera.systemconsole.designs.plugin",1352947379118
started,bundle,com.altera.systemconsole.scripting,12.0.0.263,"com.altera.systemconsole.scripting",1352947379118
started,bundle,com.altera.utilities,12.0.0.263,"com.altera.utilities",1352947379118
os,sysinfo,,,"win32",1352947379118
arch,sysinfo,,,"x86",1352947379118
ws,sysinfo,,,"win32",1352947379118
locale,sysinfo,,,"zh_CN",1352947379118
processors,sysinfo,,,"2",1352947379118
java.runtime.name,sysinfo,,,"Java(TM) SE Runtime Environment",1352947379118
java.runtime.version,sysinfo,,,"1.6.0_23-b05",1352947379118
java.specification.name,sysinfo,,,"Java Platform API Specification",1352947379118
java.specification.vendor,sysinfo,,,"Sun Microsystems Inc.",1352947379118
java.specification.version,sysinfo,,,"1.6",1352947379118
java.vendor,sysinfo,,,"Sun Microsystems Inc.",1352947379118
java.version,sysinfo,,,"1.6.0_23",1352947379118
java.vm.info,sysinfo,,,"mixed mode",1352947379118
java.vm.name,sysinfo,,,"Java HotSpot(TM) Client VM",1352947379118
java.vm.specification.name,sysinfo,,,"Java Virtual Machine Specification",1352947379118
java.vm.specification.vendor,sysinfo,,,"Sun Microsystems Inc.",1352947379118
java.vm.specification.version,sysinfo,,,"1.0",1352947379118
java.vm.vendor,sysinfo,,,"Sun Microsystems Inc.",1352947379118
java.vm.version,sysinfo,,,"19.0-b09",1352947379118
started,bundle,com.altera.sbtgui.launch,12.0.0.263,"com.altera.sbtgui.launch",1352947379888
executed,command,org.eclipse.ui,3.6.1.M20100826-1330,"org.eclipse.ui.edit.paste",1352947387958
started,bundle,org.eclipse.compare,3.5.100.I20100526-0800,"org.eclipse.compare",1352947390778
started,bundle,org.eclipse.debug.ui,3.6.1.v20100901_r361,"org.eclipse.debug.ui",1352947395068
started,bundle,org.eclipse.cdt.debug.core,7.0.0.201009141542,"org.eclipse.cdt.debug.core",1352947395108
started,bundle,org.eclipse.cdt.debug.ui,7.0.0.201009141542,"org.eclipse.cdt.debug.ui",1352947395118
deactivated,workbench,org.eclipse.ui.workbench,3.6.1.M20100826-1330,"",1352947395158
activated,workbench,org.eclipse.ui.workbench,3.6.1.M20100826-1330,"",1352947395168
executed,command,org.eclipse.ui,3.6.1.M20100826-1330,"org.eclipse.ui.edit.cut",1352947424788
deactivated,workbench,org.eclipse.ui.workbench,3.6.1.M20100826-1330,"",1352947425738
executed,command,org.eclipse.ui,3.6.1.M20100826-1330,"org.eclipse.ui.edit.findReplace",1352947425768
executed,command,org.eclipse.ui,3.6.1.M20100826-1330,"org.eclipse.ui.edit.paste",1352947427808
executed,command,org.eclipse.ui,3.6.1.M20100826-1330,"org.eclipse.ui.edit.paste",1352947440778
activated,workbench,org.eclipse.ui.workbench,3.6.1.M20100826-1330,"",1352947447114
opened,editor,org.eclipse.cdt.ui,5.2.1.201009141542,"org.eclipse.cdt.ui.editor.CEditor",1352947447974
activated,editor,org.eclipse.cdt.ui,5.2.1.201009141542,"org.eclipse.cdt.ui.editor.CEditor",1352947448044
deactivated,workbench,org.eclipse.ui.workbench,3.6.1.M20100826-1330,"",1352947449204
executed,command,org.eclipse.ui,3.6.1.M20100826-1330,"org.eclipse.ui.edit.findReplace",1352947449244
activated,workbench,org.eclipse.ui.workbench,3.6.1.M20100826-1330,"",1352947451796
opened,editor,org.eclipse.cdt.ui,5.2.1.201009141542,"org.eclipse.cdt.ui.editor.CEditor",1352947452736
activated,editor,org.eclipse.cdt.ui,5.2.1.201009141542,"org.eclipse.cdt.ui.editor.CEditor",1352947452796
